Leanne Graham;Sincere@april.biz;hildegard.org
Ervin Howell;Shanna@melissa.tv;anastasia.net
Clementine Bauch;Nathan@yesenia.net;ramiro.info
Patricia Lebsack;Julianne.OConner@kory.org;kale.biz
Chelsey Dietrich;Lucio_Hettinger@annie.ca;demarco.info
Mrs. Dennis Schulist;Karley_Dach@jasper.info;ola.org
Kurtis Weissnat;Telly.Hoeger@billy.biz;elvis.io
Nicholas Runolfsdottir V;Sherwood@rosamond.me;jacynthe.com
Glenna Reichert;Chaim_McDermott@dana.io;conrad.com
Clementina DuBuque;Rey.Padberg@karina.biz;ambrose.net
